Name,Category,Rating,Address,Post Code,Phone Number,Website,Image
O M G (Sponsored),Accountants,5.0(1 Rating),"111a George Lane,  London",E18 1AN,020 3978 6395 ,omg.uk.com/,"https://c.yell.com/t_bigRect,f_auto/c05c7c25-2ffe-4ee2-804b-eac77fc82d43_image_jpeg.jpg"
Thornton Springer (Sponsored),Accountants,5.0(1 Rating),"67 Westow St,  London",SE19 3RW,020 8771 8661 ,thorntonspringer.co.uk,"https://c.yell.com/t_bigRect,f_auto/962bff32-6fe6-4832-b0f9-d468b3f2da81_image_png.png"
TaxAssist Accountants (Sponsored),Accountants,No Rating,"209 High Rd,  London",N2 8AN,02080 920285 ,taxassist.co.uk/accountants/east-finchley/,"https://c.yell.com/t_bigRect,f_auto/adcedc94-856a-4919-919e-709bfe52db4e_image_png.png"
Majainah Sadra Ltd (Sponsored),Accountants,No Rating,"179-181 North End Rd,  London",W14 9NL,020 3869 5355 ,majainahsadra.com/,"https://c.yell.com/t_bigSquare,f_auto/43a559fc-8dae-48a2-bdda-52fd27d427ef_image_png.png"
Burnbecks (Sponsored),Accountants,No Rating,"2b Haddo St,  London",SE10 9RN,020 8293 6006 ,burnbecksaccountants.co.uk,"https://c.yell.com/t_bigRect,f_auto/fe346b5e-04b2-480b-b949-920415a7be3d_image_jpeg.jpg"
Jackson Nicholas Assie,Accountants,No Rating,"Suite 7 Meridian House 62, Station Rd,  London",E4 7BA,020 3917 0650 ,nicholasassie.com,"https://c.yell.com/t_bigRect,f_auto/9f628122-1934-495c-8b0e-8b895c9b1c9b_image_png.png"
Quilfords,Accountants,5.0(6 Ratings),"73a Portway,  London",E15 3QJ,020 3909 3864 ,quilfords.com,"https://c.yell.com/t_bigRect,f_auto/2dd047fa-66f2-4ba5-be39-6cbf404aa933_image_jpeg.jpg"
Pride & Co UK Ltd,Accountants,No Rating,"Unit 17 Laynes House 526-528, Watford Way,  London",NW7 4RS,02080517329 ,,https://yell.com/searchfe/yframe/yelldotcom/default/_yframe/min/images/yell-dummy.png
Kounnis and Partners,Accountants,5.0(3 Ratings),"Sterling House 2b Fulbourne Rd,  London",E17 4EE,020 8498 2777 ,accountancy.kounnis.com/,"https://c.yell.com/t_bigRect,f_auto/dd113665-6e65-4997-9a92-16b994315fe4_image_png.png"
Accountlets Ltd,Accountants,5.0(2 Ratings),"35 Berkeley Square,  London",W1J 5BF,01932 588801 ,accountlets.co.uk,"https://c.yell.com/t_bigRect,f_auto/485de4ec-4df1-4fe7-a0e2-85e231cfc6df_image_jpeg.jpg"
IB&Co Accountants,Accountants,4.7(12 Ratings),"Level 33 25 Canada Square,  London",E14 5LQ,020 7859 4472 ,ibandco.co.uk,"https://c.yell.com/t_bigRect,f_auto/6df472f7-fb85-40bf-b4a7-c80ce550f190_image_png.png"
Cosmopolitan Accountants Ltd,Accountants,4.9(10 Ratings), Morden,,07715 285706 ,cosmopolitanaccountants.com,"https://c.yell.com/t_bigRect,f_auto/116f58b7-f969-479b-9355-9ae585fcf3f2_image_png.png"
Londongate Accountancy,Accountants,5.0(6 Ratings), Ilford,,020 3376 0212/07804 488009,londongateaccountancy.co.uk/,"https://c.yell.com/t_bigRect,f_auto/984ab4b1-6e09-44fa-9610-75ab9d01bca1_image_png.png"
Nottinghill Accountants Ltd,Accountants,5.0(7 Ratings), Uxbridge,,07722 818183 ,nottinghillaccountants.co.uk,"https://c.yell.com/t_bigSquare,f_auto/6aeb649e-12ba-40e9-848b-82fad6f75a45_image_jpeg.jpg"
FinaccDirect,Accountants,5.0(7 Ratings), ,,07715 442373 ,finaccdirect.com/,"https://c.yell.com/t_bigRect,f_auto/91d47a5e-c374-422e-908c-063311577ef5_image_png.png"
Bush & Company Accountants & Auditors,Accountants,No Rating,"699 High Rd, Leyton Green,  London",E10 6RA,020 8556 0702 ,bushandcoaccountancy.co.uk,"https://c.yell.com/t_bigRect,f_auto/9b6c91c8-9f1e-4ab5-8a88-495eb8b9f081_image_png.png"
Dynamic Accountants,Accountants,4.4(7 Ratings),"Duru House Fast Flow Front 101, Commercial Rd,  London",E1 1RD,020 3912 7419/020 7377 0233,dynamic-acct.com,"https://c.yell.com/t_bigRect,f_auto/cfe39c38-620d-4b9e-8b95-d4cf3b73792b_image_png.png"
1st Class Accounts,Accountants,4.9(123 Ratings),"320 City Rd,  London",EC1V 2NZ,020 3105 5209 ,,"https://c.yell.com/t_bigRect,f_auto/951bbf67-f440-4417-acaf-6dcfd7920b76_image_png.png"
Astron Chartered Accountants,Accountants,5.0(2 Ratings),"351a Green St,  London",E13 9AR,020 3950 2887/07446 855022,astronuk.com,"https://c.yell.com/t_bigSquare,f_auto/92df0aed-ce76-4b94-84b1-d24d1b70863e_image_png.png"
Ash Associates,Accountants,5.0(1 Rating),"72 Badminton Rd,  London",SW12 8BL,020 8673 1237 ,ashassociates.biz,"https://c.yell.com/t_bigSquare,f_auto/d53eeb26-2ee2-418d-95fd-9f49238bf10d_image_jpeg.jpg"
R Walters & Co,Accountants,No Rating,"Suite A 4-6 Canfield Place,  London",NW6 3BT,020 7328 0412 ,,https://yell.com/searchfe/yframe/yelldotcom/default/_yframe/min/images/yell-dummy.png
Athena & Co,Accountants,No Rating,"Unit 1 Marble House, 20, Grosvenor Terrace,  London",SE5 0DD,020 7708 8558 ,athenaandco.co.uk,"https://c.yell.com/t_bigRect,f_auto/24215817-cfe7-4304-be78-1ad228c1fd74_image_jpeg.jpg"
Ultimate Accounting & Tax Solutions,Accountants,5.0(7 Ratings), Barking,,07912 510328 ,ultimateaccountingsolutions.co.uk/,"https://c.yell.com/t_bigRect,f_auto/1461a176-b5ce-4ae4-bd35-ad937f7e86cb_image_jpeg.jpg"
Silverstone Partners,Accountants,No Rating,"fourth floor, 39, Ludgate Hill,  London",EC4M 7JN,020 7096 0355/07761 018169,silverstoneuk.com,https://yell.com/searchfe/yframe/yelldotcom/default/_yframe/min/images/yell-dummy.png
Stephen J Smith,Accountants,No Rating,"35 Wood Vale Forest Hill,  London",SE23 3DS,020 8693 1581 ,sjsaccountants.co.uk,"https://c.yell.com/t_bigRect,f_auto/05778f75-2009-41c3-9632-bd11c658114a_image_jpeg.jpg"
Regis & Co.Ltd (Sponsored),Accountants,5.0(4 Ratings),"44 Plumstead High St,  London",SE18 1SL,020 3912 7195 ,regisandco.com,"https://c.yell.com/t_bigRect,f_auto/49aef27b-99a1-4e60-a363-31a453345a78_image_png.png"
Brooks & Co Accountants (Sponsored),Accountants,No Rating, Epsom,,020 8642 8681 ,brooksandco-accountants.co.uk/,"https://c.yell.com/t_bigRect,f_auto/2bfb6d1a-c260-4ef1-839d-4b063b1e4be1_image_jpeg.jpg"
Brooks & Co Accountants (Sponsored),Accountants,No Rating, Epsom,,020 8642 8681 ,brooksandco-accountants.co.uk/,"https://c.yell.com/t_bigRect,f_auto/2bfb6d1a-c260-4ef1-839d-4b063b1e4be1_image_jpeg.jpg"
KB Accountants & Co (Sponsored),Accountants,5.0(2 Ratings),"Suite 36, 151 Trafalgar Road,  London",SE10 9TX,020 3376 2208 ,kb-accountants.co.uk,"https://c.yell.com/t_bigRect,f_auto/826107d4-0dff-477e-afb0-3e028f2d74d6_image_png.png"
Abel & Co (Sponsored),Accountants,5.0(5 Ratings), Barking,,020 8591 6890 ,abelco.co.uk,"https://c.yell.com/t_bigRect,f_auto/cb964439-616b-42c9-a8b0-9f98e2e67b38_image_jpeg.jpg"
Nathan & Co,Accountants,No Rating,"Unit 14 Ashley House Ashley Rd,  London",N17 9LZ,020 8808 9559 ,nathanandco.co.uk/,"https://c.yell.com/t_bigRect,f_auto/7f513969-f5ca-4c96-9ac7-8c95b1cfe5b2_image_jpeg.jpg"
Mohindra & Co Chartered Accountants,Accountants,No Rating, Chigwell,,020 8926 1099 ,mohco.com/,"https://c.yell.com/t_bigRect,f_auto/d5818554-0dd6-4fc3-b83d-05e319ae8b47_image_jpeg.jpg"
Davis Grant Ltd,Accountants,No Rating, Ilford,,020 8477 0000 ,,"https://c.yell.com/t_bigRect,f_auto/e437711d-f686-47c9-86d4-20ba8df18c1c_image_png.png"
1-2-1 Accountants UK Ltd,Accountants,5.0(1 Rating),"28a Queensway,  London",W2 3RX,07787 147362 ,1-2-1accountants.com,"https://c.yell.com/t_bigRect,f_auto/b6be40f5-2095-450c-8a3e-4270738c0234_image_png.png"
Y B S M Partners Ltd,Accountants,5.0(8 Ratings),"44 Broadway,  London",E15 1XH,020 8519 1800 ,,"https://c.yell.com/t_bigRect,f_auto/c16c77b0-4506-4850-b1c5-0b4444919269_image_png.png"
Burfords Chartered Certified Accountants,Accountants,5.0(1 Rating), Welling,,020 8301 1485 ,burfordsaccountancy.co.uk/,"https://c.yell.com/t_bigRect,f_auto/32aac2b0-cf91-45b2-8e72-8a35784e999d_image_png.png"
Gabriel & Associates,Accountants,No Rating,"293a High Rd Leytonstone,  London",E11 4HH,020 8556 1444 ,,"https://c.yell.com/t_bigRect,f_auto/bd0b9370-7366-4f3c-bfcc-1a4465b7eacb_image_jpeg.jpg"
Maurice Apple,Accountants,5.0(8 Ratings),"Unit 4 The Exchange, Brent Cross Gardens,  London",NW4 3RJ,020 3479 6463 ,maurice-apple.co.uk/,"https://c.yell.com/t_bigRect,f_auto/cbb59b6f-6a85-46cd-8870-4e088da32e55_image_jpeg.jpg"
Cj & Co.Ltd,Accountants,4.7(3 Ratings), Brentford,,020 8847 8651 ,cjv-accountants.co.uk,"https://c.yell.com/t_bigRect,f_auto/dfa1db91-3fe8-4b20-a13b-68f52a71216b_image_jpeg.jpg"
Zenith Accounting & Business Solutions Ltd,Accountants,No Rating,"Suite 8, 194-200, Brent St,  London",NW4 1BJ,020 3693 9440 ,dfo-consulting.com/,"https://c.yell.com/t_bigRect,f_auto/df870b39-b20c-4bd6-8db1-1b8d8e600c52_image_jpeg.jpg"
                                                                                                                                                                                                                                                                                                                                                                                                                                                                                                                                                                                                                                                                                                                                                                                                                                                                                                                                                                                                                                                                                                                                                                                                                                                                                                                                                                                                                                                                                                                                                                                                                                                                                                                                                                                                                                                                                                                                                                                                                                                                                                                                                                                                                                                                                                                                                                                                                                                                                                                                                                                                                                                                                                                                                                                                                                                                                                                                                                                                                                                                                                                                                                                                                                                                                                                                                                                                                                                                                                                                                                                                                                                                                                                                                                                                                                                                                                                                                                                                                                                                                                                                                                                                                                                                                                                                                                                                                                                                                                                                                                                                                                                                                                                                                                                                                                                                                                                                                                                                                                                                                                                                                                                                                                                                                                                                                                                                                                                                                                                                                                                                                                                                                                                                                                                                                                                                                                                                                                                                                                                                                                                                                                                                                                                                                                                                                                                                                                                                                                                                                                                                                                                                                                                                                                                                                                                                                                                                                                                                                                                                                                                                                                                                                                                                                                                                                                                                                                                                                                                                                                                                                                                                                                                                                                                                                                                                                                                                                                                                                                                                                                                                                                                                                                                                                                                                                                                                                                                                                                                                                                                                                                                                                                                                                                                                                                                                                                                                                                                                                                                                                                                                                                                                                                                                                                                                                                                                                                                                                                                                                                                                                                                                                                                                                                                                                                                                                                                                                                                                                                                                                                                                                                                                                                                                                                                                                                                                                                                                                                                                                                                                                                                                                                                                                                                                                                                                                                                                                                                                                                                                                                                                                                                                                                                                                                                                                                                                                                                                                                                                                                                                                                                                                                                                                                                                                                                                                                                                                                                                                                                                                                                                                                                                                                                                                                                                                                                                                                                                                                                                                                                                                                                                                                                                                                                                                                                                                                                                                                                                                                                                                                                                                                                                                                                                                                                                                                                                                                                                                                                                                                                                                                                                                                                                                                                                                                                                                                                                                                                                                                                                                                                                                                                                                                                                                                                                                                                                                                                                                                                                                                                                                                                                                                                                                                                                                                                                                                                                                                                                                                                                                                                                                                                                                                                                                                                                                                                                                                                                                                                                                                                                                                                                                                                                                                                                                                                                                                                                                                                                                                                                                                                                                                                                                                                                                                                                                                                                                                                                                                                                                                                                                                                                                                                                                                                                                                                                                                                                                                                                                                                                                                                                                                                                                                                                                                                                                                                                                                                                                                                                                                                                                                                                                                                                                                                                                                                                                                                                                                                                                                                                                                                                                                                                                                                                                                                                                                                                                                                                                                                                                                                                                                                                                                                                                                                                                                                                                                                                                                                                                                                                                                                                                                                                                                                                                                                                                                                                                                                                                                                                                                                                                                                                                                                                                                                                                                                                                                                                                                                                                                                                                                                                                                                                                                                                                                                                                                                                                                                                                                                                                                                                                                                                                                                                                                                                                                                                                                                                                                                                                                                                                                                                                                                                                                                                                                                                                                                                                                                                                                                                                                                                                                                                                                                                                                                                                                                                                                                                                                                                                                                                                                                                                                                                                                                                                                                                                                                                                                                                                                                                                                                                                                                                                                                                                                                                                                                                                                                                                                                                                                                                                                                                                                                                                                                                                                                                                                                                                                                                                                                                                                                                                                                                                                                                                                                                                                                                                                                                                                                                                                                                                                                                                                                                                                                                                                                                                                                                                                                                                                                                                                                                                                                                                                                                                                                                                                                                                                                                                                                                                                                                                                                                                                                                                                                                                                                                                                                                                                                                                                                                                                                                                                                                                                                                                                                                                                                                                                                                                                                                                                                                                                                                                                                                                                                                                                                                                                                                                                                                                                                                                                                                                                                                                                                                                                                                                                                                                                                                                                                                                                                                                                                                                                                                                                                                                                                                                                                                                                                                                                                                                                                                                                                                                                                                                                                                                                                                                                                                                                                                                                                                                                                                                                                                                                                                                                                                                                                                                                                                                                                                                                                                                                                                                                                                                                                                                                                                                                                                                                                                                                                                                                                                                                                                                                                                                                                                                                                                                                                                                                                                                                                                                                                                                                                                                                                                                                                                                                                                                                                                                                                                                                                                                                                                                                                                                                                                                                                                                                                                                                                                                                                                                                                                                                                                                                                                                                                                                                                                                                                                                                                                                                                                                                                                                                                                                                                                                                                                                                                                                                                                                                                                                                                                                                                                                                                                                                                                                                                                                                                                                                                                                                                                                                                                                                                                                                                                                                                                                                                                                                                                                                                                                                                                                                                                                                                                                                                                                                                                                                                                                                                                                                                                                                                                                                                                                                                                                                                                                                                                                                                                                                                                                                                                                                                                                                                                                                                                                                                                                                                                                                                                                                                                                                                                                                                                                                                                                                                                                                                                                                                                                                                                                                                                                                                                                                                                                                                                                                                                                                                                                                                                                                                                                                                                                                                                                                                                                                                                                                                                                                                                                                                                                                                                                                                                                                                                                                                                                                                                                                                                                                                                                                                                                                                                                                                                                                                                                                                                                                                                                                                                                                                                                                                                                                                                                                                                                                                                                                                                                                                                                                                                                                                                                                                                                                                                                                                                                                                                                                                                                                                                                                                                                                                                                                                                                                                                                                                                                                                                                                                                                                                                                                                                                                                                                                                                                                                                                                                                                                                                                                                                                                                                                                                                                                                                                                                                                                                                                                                                                                                                                                                                                                                                                                                                                                                                                                                                                                                                                                                                                                                                                                                                                                                                                                                                                                                                                                                                                                                                                                                                                                                                                                                                                                                                                                                                                                                                                                                                                                                                                                                                                                                                                                                                                                                                                                                                                                                                                                                                                                                                                                                                                                                                                                                                                                                                                                                                                                                                                                                                                                                                                                                                                                                                                                                                                                                                                                                                                                                                                                                                                                                                                                                                                                                                                                                                                                                                                                                                                                                                                                                                                                                                                                                                                                                                                                                                                                                                                                                                                                                                                         Incisive Accounting Ltd,Accountants,No Rating,"57-59 Beak St,  London",W1F 9SJ,020 8434 7000 ,incisive-accounting.co.uk,https://yell.com/searchfe/yframe/yelldotcom/default/_yframe/min/images/yell-dummy.png
Shaw Walker Lees,Accountants,No Rating,"26 Great Queen St,  London",WC2B 5BL,020 7242 1134 ,shawwalker.co.uk,https://yell.com/searchfe/yframe/yelldotcom/default/_yframe/min/images/yell-dummy.png
Naomi Junghae,Accountants,No Rating,"180 Piccadilly,  London",W1J 9ER,020 7830 9695 ,ircchrservices.com,https://yell.com/searchfe/yframe/yelldotcom/default/_yframe/min/images/yell-dummy.png
A C T London Ltd,Accountants,No Rating,"Royalty House, 32, Sackville St,  London",W1S 3EA,020 7432 6050 ,,https://yell.com/searchfe/yframe/yelldotcom/default/_yframe/min/images/yell-dummy.png
Bourner Bullock,Accountants,No Rating,"Sovereign House, 212-224, Shaftesbury Avenue,  London",WC2H 8HQ,020 7240 5821 ,bournerbullock.co.uk,https://yell.com/searchfe/yframe/yelldotcom/default/_yframe/min/images/yell-dummy.png
Naail & Co,Accountants,5.0(4 Ratings),"71 Lambeth Walk,  London",SE11 6DX,020 3333 3000 ,,"https://c.yell.com/t_bigRect,f_auto/083e53b9-2c43-432b-b440-b250b1dfd1b2_image_jpeg.jpg"
Pro Accountants,Accountants,5.0(3 Ratings),"first floor, 85, Great Portland St,  London",W1W 7LT,020 3582 5759 ,pro-accountants.co.uk/,"https://c.yell.com/t_bigSquare,f_auto/ea0d4309-c220-4a6a-873a-db5cfc6566c0_image_png.png"
U L M Ltd,Accountants,No Rating,"1st Floor 16 Ingestre Place,  London",W1F 0JJ,020 7437 3583 ,,https://yell.com/searchfe/yframe/yelldotcom/default/_yframe/min/images/yell-dummy.png
Chf Associates Ltd,Accountants,No Rating,"439 Linen Hall 162 Regent Street,  London",W1B 5TE,020 7870 2630 ,,"https://c.yell.com/t_bigRect,f_auto/51781dfa-e307-466f-94e1-b2ded7c424bc_image_png.png"
